{
  "blockchain": "near-protocol",
  "networkId": "testnet",
  "transaction": {
    "version": "1.0",
    "name": "Mint NFT",
    "signerId": "",
    "signerKey": "",
    "receiverId": "",
    "actions": [
      {
        "type": "FunctionCall",
        "contractId": "",
        "methodName": "nft_mint",
        "args": {
          "token_id": "0",
          "token_owner_id": "<contract-id>",
          "token_metadata": {
            "title": "Olympus Mons",
            "description": "Tallest mountain in charted solar system",
            "media": "https://upload.wikimedia.org/wikipedia/commons/thumb/0/00/Olympus_Mons_alt.jpg/1024px-Olympus_Mons_alt.jpg",
            "copies": 1
          }
        },
        "gas": {
          "amount": "30",
          "unit": "TGas"
        },
        "deposit": {
          "amount": "0.01",
          "unit": "NEAR"
        }
      }
    ]
  }
}