{
  "blockchain": "near-protocol",
  "networkId": "testnet",
  "transaction": {
    "version": "1.0",
    "name": "Transfer NFT to the user",
    "signerId": "",
    "signerKey": "",
    "receiverId": "",
    "actions": [
      {
        "type": "FunctionCall",
        "contractId": "",
        "methodName": "nft_transfer",
        "args": {
          "token_id": "0",
          "receiver_id": "<user-id>",
          "memo": "Transfer to the user"
        },
        "gas": {
          "amount": "15",
          "unit": "TGas"
        },
        "deposit": {
          "amount": "1",
          "unit": "yoctoNEAR"
        }
      }
    ]
  }
}